Abhishek Abhishek,abhishek_k1214119@dpsvasantkunj.com,VIII-A
Pakhi Garg,pakhi_k1415637@dpsvasantkunj.com,VIII-A
Ranvir Nagpal,ranvir_k1415614@dpsvasantkunj.com,VIII-A
Jaidev Bhasin,jaidev_k1918947@dpsvasantkunj.com,VIII-A
Armaan Seli,armaan_k1214185@dpsvasantkunj.com,VIII-A
Ashwani Kumar,ashwani_k1214153@dpsvasantkunj.com,VIII-A
Ayan Ahmed,ayan_k1214091@dpsvasantkunj.com,VIII-A
Aadya Sharma,aadya_k1214114@dpsvasantkunj.com,VIII-A
Vikas Singh,vikas_k1818447@dpsvasantkunj.com,VIII-A
Samarth Kumar,samarth_k1515345@dpsvasantkunj.com,VIII-A
Bhavya Virat,bhavya_k1214106@dpsvasantkunj.com,VIII-A
Aasma Bhasin,aasma_k1214039@dpsvasantkunj.com,VIII-A
Nitya Prasad,nitya_k1214069@dpsvasantkunj.com,VIII-A
Prisha Tiwari,prisha_k1214058@dpsvasantkunj.com,VIII-A
Khushi Parveen,khushi_k1415949@dpsvasantkunj.com,VIII-A
Rehaan Khanna,rehaan_k1214102@dpsvasantkunj.com,VIII-A
Purvasha Dash,purvasha_k1214222@dpsvasantkunj.com,VIII-A
Jyoti,jyoti_k1918730@dpsvasantkunj.com,VIII-A
Aanushvi Yadav,aanushvi_k1918927@dpsvasantkunj.com,VIII-A
Devina Gahlot,devina_k1214043@dpsvasantkunj.com,VIII-A
Madhavi Tomer,madhavi_k1214201@dpsvasantkunj.com,VIII-A
Saharsh Malhotra,saharsh_k1214171@dpsvasantkunj.com,VIII-A
Ayushi Singh,ayushi_k1214053@dpsvasantkunj.com,VIII-A
Aarav Sharma,aarav_k1214180@dpsvasantkunj.com,VIII-A
Rehaan Malik,rehaan_k1516596@dpsvasantkunj.com,VIII-A
Brighti Devgun Lodh,brishti_k1214177@dpsvasantkunj.com,VIII-A
Anushka Baunthiyal,anushka_k2120447@dpsvasantkunj.com,VIII-A
Vedic Kataria,vedic_k1214191@dpsvasantkunj.com,VIII-A
Rehaan Sehrawat,rehaan_k1214203@dpsvasantkunj.com,VIII-A
Aditya Lal,aditya_k2019490@dpsvasantkunj.com,VIII-A
Mahika Chawla,mahika_k1717697@dpsvasantkunj.com,VIII-A
Ayush Kumar,ayush_k1214078@dpsvasantkunj.com,VIII-A
Namya Singh,namya_k1214197@dpsvasantkunj.com,VIII-A
Jiya Rao,jiya_k1415607@dpsvasantkunj.com,VIII-A
Ayush Sharma,ayush_k1415677@dpsvasantkunj.com,VIII-A
Zoravar Singh,zoravar_k1214178@dpsvasantkunj.com,VIII-A
Aditi Kumar,aditi_k1214052@dpsvasantkunj.com,VIII-A
Yash Kumar,yash_k1214209@dpsvasantkunj.com,VIII-A
Shivani Kumari,shivani_k1918726@dpsvasantkunj.com,VIII-A
Ayushi Gupta,ayushi_k1516348@dpsvasantkunj.com,VIII-A
Ramanuj,ramanuj_k1214165@dpsvasantkunj.com,VIII-A
Madhav Tomer,madhav_k1214183@dpsvasantkunj.com,VIII-A
Aviansh Verma,aviansh_k1214142@dpsvasantkunj.com,VIII-A
Kanishka Kumar,kanishka_k1214047@dpsvasantkunj.com,VIII-A
Saanvi Gupta,saanvi_k1214094@dpsvasantkunj.com,VIII-A